{
  "grid_72_h_all": {
    "R=3.0km": {
      "thresh": {
        "thr": 0.8279591836734694,
        "f1": 0.13274336283185842,
        "precision": 0.1,
        "recall": 0.19736842105263158,
        "pred": 120
      },
      "nms": {
        "thr": 0.6038461538461539,
        "radius_cell": 1,
        "sigma": 0.8,
        "f1": 0.12068965517241378,
        "precision": 0.175,
        "recall": 0.09210526315789473,
        "pred": 40
      }
    },
    "R=5.0km": {
      "thresh": {
        "thr": 0.8102040816326531,
        "f1": 0.25126418698730196,
        "precision": 0.16149068322981366,
        "recall": 0.5657894736842105,
        "pred": 161
      },
      "nms": {
        "thr": 0.6038461538461539,
        "radius_cell": 1,
        "sigma": 0.8,
        "f1": 0.28260869565217395,
        "precision": 0.325,
        "recall": 0.25,
        "pred": 40
      }
    },
    "R=8.0km": {
      "thresh": {
        "thr": 0.8102040816326531,
        "f1": 0.44065666483387006,
        "precision": 0.3167701863354037,
        "recall": 0.7236842105263158,
        "pred": 161
      },
      "nms": {
        "thr": 0.7192307692307693,
        "radius_cell": 1,
        "sigma": 0.8,
        "f1": 0.3492063492063492,
        "precision": 0.5789473684210527,
        "recall": 0.25,
        "pred": 19
      }
    }
  },
  "grid_72_h17": {
    "R=3.0km": {
      "thresh": {
        "thr": 0.7746938775510205,
        "f1": 0.097053726169844,
        "precision": 0.06306306306306306,
        "recall": 0.21052631578947367,
        "pred": 222
      },
      "nms": {
        "thr": 0.6807692307692308,
        "radius_cell": 2,
        "sigma": 0.8,
        "f1": 0.1263157894736842,
        "precision": 0.3157894736842105,
        "recall": 0.07894736842105263,
        "pred": 19
      }
    },
    "R=5.0km": {
      "thresh": {
        "thr": 0.7746938775510205,
        "f1": 0.21912350597609564,
        "precision": 0.13513513513513514,
        "recall": 0.5789473684210527,
        "pred": 222
      },
      "nms": {
        "thr": 0.6807692307692308,
        "radius_cell": 2,
        "sigma": 0.8,
        "f1": 0.18485237483953784,
        "precision": 0.42105263157894735,
        "recall": 0.11842105263157894,
        "pred": 19
      }
    },
    "R=8.0km": {
      "thresh": {
        "thr": 0.7924489795918368,
        "f1": 0.41520126677223096,
        "precision": 0.29559748427672955,
        "recall": 0.6973684210526315,
        "pred": 159
      },
      "nms": {
        "thr": 0.6807692307692308,
        "radius_cell": 2,
        "sigma": 0.8,
        "f1": 0.3007518796992481,
        "precision": 0.631578947368421,
        "recall": 0.19736842105263158,
        "pred": 19
      }
    }
  },
  "grid_144_h_all": {
    "R=3.0km": {
      "thresh": {
        "thr": 0.7924489795918368,
        "f1": 0.1511111111111111,
        "precision": 0.10828025477707007,
        "recall": 0.25,
        "pred": 157
      },
      "nms": {
        "thr": 0.7,
        "radius_cell": 1,
        "sigma": 0.8,
        "f1": 0.10843373493975904,
        "precision": 0.1,
        "recall": 0.11842105263157894,
        "pred": 60
      }
    },
    "R=5.0km": {
      "thresh": {
        "thr": 0.7924489795918368,
        "f1": 0.2787096774193548,
        "precision": 0.22929936305732485,
        "recall": 0.35526315789473684,
        "pred": 157
      },
      "nms": {
        "thr": 0.7,
        "radius_cell": 1,
        "sigma": 0.8,
        "f1": 0.22630560928433271,
        "precision": 0.21666666666666667,
        "recall": 0.23684210526315788,
        "pred": 60
      }
    },
    "R=8.0km": {
      "thresh": {
        "thr": 0.7924489795918368,
        "f1": 0.43342222222222215,
        "precision": 0.3375796178343949,
        "recall": 0.6052631578947368,
        "pred": 157
      },
      "nms": {
        "thr": 0.7192307692307693,
        "radius_cell": 1,
        "sigma": 1.2,
        "f1": 0.44972067039106145,
        "precision": 0.875,
        "recall": 0.3026315789473684,
        "pred": 8
      }
    }
  },
  "grid_144_h17": {
    "R=3.0km": {
      "thresh": {
        "thr": 0.8102040816326531,
        "f1": 0.15941140404659718,
        "precision": 0.14925373134328357,
        "recall": 0.17105263157894737,
        "pred": 67
      },
      "nms": {
        "thr": 0.7192307692307693,
        "radius_cell": 1,
        "sigma": 0.8,
        "f1": 0.09523809523809522,
        "precision": 0.07462686567164178,
        "recall": 0.13157894736842105,
        "pred": 67
      }
    },
    "R=5.0km": {
      "thresh": {
        "thr": 0.7924489795918368,
        "f1": 0.3141361256544503,
        "precision": 0.2608695652173913,
        "recall": 0.39473684210526316,
        "pred": 92
      },
      "nms": {
        "thr": 0.6230769230769231,
        "radius_cell": 4,
        "sigma": 1.2,
        "f1": 0.16574585635359115,
        "precision": 0.14285714285714285,
        "recall": 0.19736842105263158,
        "pred": 49
      }
    },
    "R=8.0km": {
      "thresh": {
        "thr": 0.7924489795918368,
        "f1": 0.5085446527012127,
        "precision": 0.44565217391304346,
        "recall": 0.5921052631578947,
        "pred": 92
      },
      "nms": {
        "thr": 0.7576923076923077,
        "radius_cell": 1,
        "sigma": 0.8,
        "f1": 0.2994652406417112,
        "precision": 0.8,
        "recall": 0.18421052631578946,
        "pred": 5
      }
    }
  }
}